LICH CÔNG TÁC THÁNG 05 NĂM 2026 (Từ ngày 01/05/2026 đến ngày 31/05/2026);;;;;;;;;;
;;;;;;;;;;
TT;Tuần;Thời gian;Nội dung công việc;Chi tiết công việc;Người phụ trách;Deadline;Địa điểm;Trạng Thái;Kết quả;Ghi chú
;Tuần 1;Từ ngày 01 đến ngày 03;;;;;;;;
;;;;;;;;;;
;;;;;;;;;;
;;;;;;;;;;
;;;;;;;;;;
;;;;;;;;;;
;Tuần 2;Từ ngày 04 đến ngày 10;;;;;;;;
;;;;;;;;;;
;;;;;;;;;;
;;;;;;;;;;
;;;;;;;;;;
;;;;;;;;;;
;Tuần 3;Từ ngày 11 đến ngày 17;;;;;;;;
;;;;;;;;;;
;;;;;;;;;;
;;;;;;;;;;
;;;;;;;;;;
;;;;;;;;;;
;;;;;;;;;;
;Tuần 4;Từ ngày 18 đến ngày 24;;;;;;;;
;;;;;;;;;;
;;;;;;;;;;
;;;;;;;;;;
;;;;;;;;;;
;;;;;;;;;;
;;;;;;;;;;
;Tuần 5;Từ ngày 25 đến ngày 31;;;;;;;;
;;;;;;;;;;
;;;;;;;;;;
;;;;;;;;;;
;;;;;;;;;;